City_ID,City,Country,Date,Lat,Lng,Max Temp,Humidity,Cloudiness,Wind Speed
0,Chuy,UY,2021-11-04 03:40:24,-33.6971,-53.4616,64.85,97,100,11.32
1,Alice Springs,AU,2021-11-04 03:40:25,-23.7,133.8833,85.55,39,35,11.5
2,Saku,JP,2021-11-04 03:40:25,36.2167,138.4833,63.9,60,29,5.64
3,Sao Filipe,CV,2021-11-04 03:40:25,14.8961,-24.4956,79.52,70,100,1.9
4,Broken Hill,AU,2021-11-04 03:40:26,-31.95,141.4333,73.11,53,40,16.11
5,Provideniya,RU,2021-11-04 03:40:26,64.3833,-173.3,15.21,88,100,11.72
6,Aklavik,CA,2021-11-04 03:40:26,68.2191,-135.0107,16.63,94,28,0.89
7,Ponta Do Sol,PT,2021-11-04 03:40:27,32.6667,-17.1,69.71,73,100,8.01
8,Voyvozh,RU,2021-11-04 03:40:27,62.892,54.9635,30.61,92,99,10.47
9,Lixourion,GR,2021-11-04 03:40:27,38.2019,20.4314,65.84,84,0,13.24
10,Kavieng,PG,2021-11-04 03:40:28,-2.5744,150.7967,82.54,80,100,11.99
11,Punta Arenas,CL,2021-11-04 03:40:28,-53.15,-70.9167,42.91,65,40,17.27
12,Longyearbyen,SJ,2021-11-04 03:40:28,78.2186,15.6401,21.04,58,40,13.8
13,Imeni Babushkina,RU,2021-11-04 03:40:29,59.7573,43.1285,38.53,86,99,10.85
14,Dikson,RU,2021-11-04 03:40:29,73.5069,80.5464,24.8,96,100,16.58
15,Mataura,NZ,2021-11-04 03:40:29,-46.1927,168.8643,63.48,33,18,6.62
16,Hithadhoo,MV,2021-11-04 03:40:30,-0.6,73.0833,82.26,76,33,13.98
17,Ushuaia,AR,2021-11-04 03:37:25,-54.8,-68.3,42.46,70,20,20.71
18,Ribeira Grande,PT,2021-11-04 03:40:30,38.5167,-28.7,69.66,85,100,24.16
19,Atuona,PF,2021-11-04 03:40:31,-9.8,-139.0333,77.86,70,18,16.73
20,Vestmannaeyjar,IS,2021-11-04 03:40:31,63.4427,-20.2734,43.86,81,100,16.49
21,Ostrovnoy,RU,2021-11-04 03:40:31,68.0531,39.5131,37.67,92,98,20.67
22,Touros,BR,2021-11-04 03:38:40,-5.1989,-35.4608,79.7,78,44,11.9
23,Georgetown,MY,2021-11-04 03:40:32,5.4112,100.3354,87.73,72,20,3.0
24,Hobart,AU,2021-11-04 03:39:54,-42.8794,147.3294,69.03,49,20,10.36
25,Ternate,ID,2021-11-04 03:40:32,0.8,127.4,85.59,66,71,5.5
26,Asau,RO,2021-11-04 03:40:33,46.4333,26.4,46.76,57,99,3.38
27,Damietta,EG,2021-11-04 03:40:33,31.4165,31.8133,73.29,70,0,10.98
28,Yulara,AU,2021-11-04 03:40:33,-25.2406,130.9889,84.04,45,93,5.75
29,Dwarka,IN,2021-11-04 03:36:06,22.2394,68.9678,82.69,44,41,11.86
30,Thompson,CA,2021-11-04 03:40:34,55.7435,-97.8558,24.96,93,1,0.0
31,Vanavara,RU,2021-11-04 03:40:34,60.34,102.2797,5.31,75,100,8.72
32,Kapaa,US,2021-11-04 03:38:47,22.0752,-159.319,80.58,78,75,4.0
33,Saint-Francois,FR,2021-11-04 03:40:35,46.4154,3.9054,43.48,93,90,0.0
34,Busselton,AU,2021-11-04 03:40:35,-33.65,115.3333,66.0,55,58,11.1
35,Tadine,NC,2021-11-04 03:40:35,-21.55,167.8833,73.6,60,23,14.23
36,Harper,LR,2021-11-04 03:40:36,4.375,-7.7169,77.18,87,98,6.64
37,Garissa,KE,2021-11-04 03:40:36,-0.4536,39.6401,77.22,78,17,10.09
38,Kavaratti,IN,2021-11-04 03:40:36,10.5669,72.642,81.77,80,95,13.89
39,Rikitea,PF,2021-11-04 03:40:37,-23.1203,-134.9692,73.38,76,100,16.64
40,Meulaboh,ID,2021-11-04 03:40:37,4.1363,96.1285,83.17,70,100,1.9
41,Hukuntsi,BW,2021-11-04 03:40:37,-24.0,21.75,69.35,22,16,10.76
42,Hualmay,PE,2021-11-04 03:40:38,-11.0964,-77.6139,63.45,84,69,8.99
43,Khatanga,RU,2021-11-04 03:40:38,71.9667,102.5,12.02,92,100,20.42
44,Norman Wells,CA,2021-11-04 03:40:38,65.282,-126.8329,14.04,92,90,3.44
45,Adrar,MR,2021-11-04 03:40:39,20.5022,-10.0711,71.28,21,27,10.83
46,New Norfolk,AU,2021-11-04 03:40:39,-42.7826,147.0587,68.67,41,2,3.0
47,Nikolskoye,RU,2021-11-04 03:41:39,59.7035,30.7861,47.88,95,100,5.68
48,Gamba,GA,2021-11-04 03:41:40,-2.65,10.0,74.91,93,63,4.29
49,Hays,US,2021-11-04 03:38:03,30.0502,-98.0336,50.45,97,100,3.0
50,Hamilton,US,2021-11-04 03:38:02,39.1834,-84.5333,38.17,82,1,3.44
51,San Ramon,US,2021-11-04 03:37:30,37.7799,-121.978,64.94,78,1,5.75
52,Vaini,TO,2021-11-04 03:41:40,-21.2,-175.2,80.76,100,75,8.05
53,Port Alfred,ZA,2021-11-04 03:41:41,-33.5906,26.891,62.47,89,18,5.28
54,Albany,US,2021-11-04 03:41:41,42.6001,-73.9662,36.9,87,12,3.65
55,Teknaf,BD,2021-11-04 03:41:41,20.8624,92.3058,81.72,49,98,6.15
56,Barcelona,ES,2021-11-04 03:37:14,41.3888,2.159,51.55,75,20,4.0
57,Sao Felix Do Xingu,BR,2021-11-04 03:41:42,-6.6447,-51.995,71.35,98,84,0.89
58,Husavik,IS,2021-11-04 03:41:42,66.0449,-17.3389,42.71,79,11,8.97
59,Carnarvon,AU,2021-11-04 03:41:43,-24.8667,113.6333,73.47,64,0,18.41
60,Luena,AO,2021-11-04 03:41:43,-11.7833,19.9167,61.05,93,79,0.13
61,Kieta,PG,2021-11-04 03:41:43,-6.2167,155.6333,83.44,75,88,5.28
62,Butaritari,KI,2021-11-04 03:41:44,3.0707,172.7902,82.85,75,17,13.58
63,Aksu,CN,2021-11-04 03:41:44,41.1231,80.2644,50.45,26,48,3.44
64,Sandnessjoen,NO,2021-11-04 03:41:44,66.0217,12.6316,42.78,80,100,5.91
65,Ciudad Bolivar,VE,2021-11-04 03:41:45,8.1222,-63.5497,77.81,80,37,10.04
66,La Ronge,CA,2021-11-04 03:41:45,55.1001,-105.2842,26.85,86,1,1.14
67,Geraldton,AU,2021-11-04 03:41:45,-28.7667,114.6,71.13,64,75,20.71
68,Yellowknife,CA,2021-11-04 03:38:02,62.456,-114.3525,36.41,100,40,8.05
69,Bay City,US,2021-11-04 03:38:42,43.5945,-83.8889,36.57,86,90,4.61
70,Parvatipuram,IN,2021-11-04 03:41:46,18.7833,83.4333,79.65,76,72,2.59
71,Bataipora,BR,2021-11-04 03:41:46,-22.2953,-53.2711,71.62,69,4,4.25
72,Lebu,CL,2021-11-04 03:41:47,-37.6167,-73.65,48.25,84,11,7.7
73,Labuhan,ID,2021-11-04 03:41:47,-6.8844,112.2051,89.22,59,92,6.42
74,Altea,ES,2021-11-04 03:41:48,38.5989,-0.0514,58.3,49,37,3.0
75,Juneau,US,2021-11-04 03:41:48,58.3019,-134.4197,44.22,95,75,3.44
76,Faanui,PF,2021-11-04 03:41:48,-16.4833,-151.75,78.82,76,5,8.12
77,Olafsvik,IS,2021-11-04 03:41:49,64.8945,-23.7142,43.12,76,87,20.96
78,Cabedelo,BR,2021-11-04 03:39:06,-6.9811,-34.8339,79.47,79,22,10.36
79,Ordzhonikidze,KZ,2021-11-04 03:41:49,52.4411,61.7408,20.53,44,2,8.14
80,Eureka,US,2021-11-04 03:41:50,40.8021,-124.1637,64.36,90,100,8.99
81,Hermanus,ZA,2021-11-04 03:41:50,-34.4187,19.2345,59.9,81,33,8.61
82,Puerto Escondido,MX,2021-11-04 03:41:50,15.85,-97.0667,78.06,83,32,3.8
83,Ocos,GT,2021-11-04 03:41:51,14.5094,-92.1933,81.32,77,95,3.62
84,Alekseyevsk,RU,2021-11-04 03:41:51,57.8406,108.3492,10.8,57,100,10.18
85,Quatre Cocos,MU,2021-11-04 03:41:51,-20.2078,57.7625,79.09,70,16,9.82
86,Palimbang,PH,2021-11-04 03:41:52,6.2106,124.1894,86.88,68,83,5.1
87,Shaunavon,CA,2021-11-04 03:41:52,49.6501,-108.4181,37.18,71,71,9.6
88,Cap Malheureux,MU,2021-11-04 03:41:52,-19.9842,57.6142,79.47,67,4,8.99
89,Yumbe,UG,2021-11-04 03:41:53,3.4651,31.2469,63.34,91,97,1.23
90,Sorland,NO,2021-11-04 03:42:53,67.667,12.6934,45.72,83,62,15.12
91,Jamestown,US,2021-11-04 03:42:53,42.097,-79.2353,37.08,84,90,4.0
92,Ilulissat,GL,2021-11-04 03:42:54,69.2167,-51.1,27.7,97,100,6.13
93,East London,ZA,2021-11-04 03:40:22,-33.0153,27.9116,59.94,94,0,6.91
94,Alyangula,AU,2021-11-04 03:42:54,-13.8483,136.4192,93.07,52,40,16.11
95,Hasaki,JP,2021-11-04 03:42:55,35.7333,140.8333,70.29,47,12,6.26
96,Tromso,NO,2021-11-04 03:42:55,69.6496,18.957,39.22,81,75,3.0
97,Puerto Ayora,EC,2021-11-04 03:42:56,-0.7393,-90.3518,69.4,84,40,6.22
98,Banjar,ID,2021-11-04 03:42:56,-8.19,114.9675,87.66,86,100,5.46
99,Port-Gentil,GA,2021-11-04 03:42:56,-0.7193,8.7815,78.22,85,100,10.49
100,Kobayashi,JP,2021-11-04 03:42:57,31.9833,130.9833,69.3,40,1,4.92
101,Katsuura,JP,2021-11-04 03:42:57,35.1333,140.3,66.24,58,84,5.82
102,Liwale,TZ,2021-11-04 03:42:57,-9.7667,37.9333,73.71,78,100,5.66
103,Los Llanos De Aridane,ES,2021-11-04 03:42:58,28.6585,-17.9182,65.95,60,0,6.91
104,Pont-Audemer,FR,2021-11-04 03:42:58,49.35,0.5167,47.95,92,94,10.87
105,Erie,US,2021-11-04 03:42:58,42.7667,-78.6664,38.55,86,55,4.99
106,Leningradskiy,RU,2021-11-04 03:42:59,69.3833,178.4167,-8.95,91,24,6.4
107,Cape Town,ZA,2021-11-04 03:41:05,-33.9258,18.4232,61.21,82,75,11.5
108,Eenhana,NA,2021-11-04 03:42:59,-17.4667,16.3333,64.15,23,38,2.71
109,Barrow,US,2021-11-04 03:42:59,71.2906,-156.7887,24.82,86,90,19.57
110,Lasa,IT,2021-11-04 03:43:00,46.6166,10.7002,44.06,97,100,3.6
111,Saldanha,ZA,2021-11-04 03:43:00,-33.0117,17.9442,53.65,78,100,6.51
112,San Cristobal,VE,2021-11-04 03:43:00,7.7669,-72.225,69.98,94,93,1.52
113,Ouadda,CF,2021-11-04 03:43:01,8.0777,22.4007,67.86,93,100,2.1
114,Upernavik,GL,2021-11-04 03:43:01,72.7868,-56.1549,26.01,83,100,7.29
115,Saint Anthony,US,2021-11-04 03:43:02,45.0205,-93.218,38.19,71,1,1.99
116,Opuwo,NA,2021-11-04 03:43:03,-18.0607,13.84,63.59,26,20,2.3
117,Brae,GB,2021-11-04 03:43:03,60.3964,-1.353,44.51,81,100,26.24
118,Gornyak,RU,2021-11-04 03:43:04,50.9942,81.4661,12.43,73,24,8.99
119,Kununurra,AU,2021-11-04 03:43:04,-15.7667,128.7333,93.18,49,39,6.91
120,Broome,US,2021-11-04 03:43:04,42.2506,-75.833,34.36,76,1,3.0
121,Jawhar,SO,2021-11-04 03:43:05,2.7809,45.5005,77.09,75,62,5.23
122,Bluff,NZ,2021-11-04 03:43:05,-46.6,168.3333,63.81,58,80,5.26
123,Kargasok,RU,2021-11-04 03:43:05,59.0556,80.8572,15.31,66,100,14.09
124,Qaanaaq,GL,2021-11-04 03:43:06,77.484,-69.3632,4.78,57,0,8.95
125,Bethel,US,2021-11-04 03:40:50,41.3712,-73.414,44.19,79,1,0.0
126,Roma,US,2021-11-04 03:42:01,43.2128,-75.4557,35.74,93,90,0.0
127,Valparaiso,CL,2021-11-04 03:42:57,-33.0393,-71.6273,56.84,82,20,2.3
128,Ancud,CL,2021-11-04 03:43:07,-41.8697,-73.8203,44.13,73,36,9.35
129,Tasiilaq,GL,2021-11-04 03:43:07,65.6145,-37.6368,32.16,61,28,7.94
130,Vardo,NO,2021-11-04 03:43:07,70.3705,31.1107,39.4,92,100,14.7
131,Gurupa,BR,2021-11-04 03:43:08,-1.405,-51.64,74.14,94,90,3.09
132,Sitka,US,2021-11-04 03:39:16,57.0531,-135.33,44.49,81,90,9.22
133,Coquimbo,CL,2021-11-04 03:43:08,-29.9533,-71.3436,53.33,87,0,0.0
134,Arraial Do Cabo,BR,2021-11-04 03:43:08,-22.9661,-42.0278,71.17,91,100,4.99
135,Sept-Iles,CA,2021-11-04 03:43:09,50.2001,-66.3821,35.06,81,1,3.0
136,Castro,BR,2021-11-04 03:44:09,-24.7911,-50.0119,63.37,80,96,2.62
137,Vila Franca Do Campo,PT,2021-11-04 03:44:09,37.7167,-25.4333,68.2,86,100,12.84
138,Tuktoyaktuk,CA,2021-11-04 03:44:10,69.4541,-133.0374,14.0,92,75,10.36
139,Lolodorf,CM,2021-11-04 03:44:10,3.2333,10.7333,68.63,99,100,1.57
140,Cidreira,BR,2021-11-04 03:44:10,-30.1811,-50.2056,67.46,97,44,13.0
141,Te Anau,NZ,2021-11-04 03:44:11,-45.4167,167.7167,66.63,46,4,3.38
142,Sinnamary,GF,2021-11-04 03:44:11,5.3833,-52.95,78.71,82,94,9.26
143,Nouadhibou,MR,2021-11-04 03:44:11,20.931,-17.0347,69.49,74,64,15.35
144,Fortuna,US,2021-11-04 03:43:56,40.5982,-124.1573,64.09,71,90,3.0
145,Tuatapere,NZ,2021-11-04 03:44:12,-46.1333,167.6833,63.82,56,32,7.78
146,Gat,IL,2021-11-04 03:44:12,31.61,34.7642,64.81,84,1,5.7
147,Saskylakh,RU,2021-11-04 03:44:13,71.9167,114.0833,2.53,84,100,15.21
148,Erdenet,MN,2021-11-04 03:41:18,49.0333,104.0833,12.27,77,100,11.65
149,Comodoro Rivadavia,AR,2021-11-04 03:44:13,-45.8667,-67.5,53.46,37,0,21.85
150,Pevek,RU,2021-11-04 03:44:13,69.7008,170.3133,-14.15,98,34,6.78
151,Upington,ZA,2021-11-04 03:44:14,-28.4478,21.2561,55.78,50,0,4.61
152,Luganville,VU,2021-11-04 03:44:14,-15.5333,167.1667,79.41,82,100,7.25
153,Zinder,NE,2021-11-04 03:44:15,13.8072,8.9881,79.43,21,5,7.05
154,Saint-Philippe,RE,2021-11-04 03:44:15,-21.3585,55.7679,78.48,72,4,10.45
155,Honningsvag,NO,2021-11-04 03:44:15,70.9821,25.9704,37.58,82,100,16.2
156,Sangar,RU,2021-11-04 03:44:16,63.9242,127.4739,18.55,93,100,6.82
157,Hilo,US,2021-11-04 03:43:31,19.7297,-155.09,78.53,80,75,4.61
158,Severo-Kurilsk,RU,2021-11-04 03:44:16,50.6789,156.125,38.93,74,56,5.59
159,Mar Del Plata,AR,2021-11-04 03:40:12,-38.0023,-57.5575,65.08,100,90,1.01
160,Victoria,HK,2021-11-04 03:40:00,22.2855,114.1577,82.45,80,94,3.0
161,Chapais,CA,2021-11-04 03:44:17,49.7834,-74.8492,24.58,96,82,4.43
162,Villarrica,PY,2021-11-04 03:44:17,-25.75,-56.4333,72.84,83,42,2.93
163,Tautira,PF,2021-11-04 03:44:17,-17.7333,-149.15,82.42,81,16,17.09
164,Nanortalik,GL,2021-11-04 03:44:18,60.1432,-45.2371,37.89,89,100,5.46
165,Narsaq,GL,2021-11-04 03:44:18,60.9167,-46.05,34.02,99,100,4.76
166,Srednekolymsk,RU,2021-11-04 03:44:18,67.45,153.6833,-7.26,90,54,2.71
167,Cabo San Lucas,MX,2021-11-04 03:40:35,22.8909,-109.9124,80.51,65,1,3.44
168,Rio Gallegos,AR,2021-11-04 03:44:19,-51.6226,-69.2181,42.85,70,0,18.41
169,Puebloviejo,CO,2021-11-04 03:44:19,10.9938,-74.2844,78.98,78,40,8.05
170,Bredasdorp,ZA,2021-11-04 03:44:19,-34.5322,20.0403,54.72,76,23,2.3
171,Qasigiannguit,GL,2021-11-04 03:44:20,68.8193,-51.1922,29.5,98,100,8.14
172,Newport,GB,2021-11-04 03:40:05,51.5877,-2.9984,44.85,87,37,8.1
173,Bay Roberts,CA,2021-11-04 03:43:12,47.5999,-53.2648,43.03,93,91,4.5
174,Namatanai,PG,2021-11-04 03:44:20,-3.6667,152.4333,84.29,69,89,7.2
175,Hirara,JP,2021-11-04 03:44:21,24.8,125.2833,78.66,61,75,13.8
176,Riverton,US,2021-11-04 03:44:21,40.5219,-111.9391,53.17,72,1,1.01
177,Henties Bay,NA,2021-11-04 03:44:21,-22.116,14.2845,55.85,91,37,7.49
178,Canto Do Buriti,BR,2021-11-04 03:44:22,-8.11,-42.9444,77.65,64,100,1.99
179,Amarpur,IN,2021-11-04 03:44:22,25.0333,86.9,76.78,51,47,3.36
180,Westport,US,2021-11-04 03:45:21,41.1415,-73.3579,47.95,77,1,4.0
181,San Isidro,PE,2021-11-04 03:45:23,-12.1167,-77.05,64.02,81,0,5.01
182,Anchorage,US,2021-11-04 03:40:48,61.2181,-149.9003,44.76,85,40,1.99
183,Huainan,CN,2021-11-04 03:45:23,32.6264,116.9969,67.44,57,67,6.91
184,Norwood,US,2021-11-04 03:45:24,42.1945,-71.1995,40.57,80,1,0.0
185,La Asuncion,VE,2021-11-04 03:45:11,11.0333,-63.8628,80.33,83,98,11.5
186,Airai,TL,2021-11-04 03:45:24,-8.9266,125.4092,80.24,43,58,6.29
187,Qaqortoq,GL,2021-11-04 03:45:24,60.7167,-46.0333,34.3,98,100,6.93
188,Saint George,US,2021-11-04 03:44:58,37.1041,-113.5841,61.95,47,1,1.01
189,Mantua,IT,2021-11-04 03:45:25,45.1667,10.7833,55.72,91,59,5.01
190,Muisne,EC,2021-11-04 03:45:25,0.6,-80.0333,74.71,87,69,6.73
191,Kasongo-Lunda,CD,2021-11-04 03:45:26,-6.4667,16.8167,69.78,100,100,2.62
192,Palmer,US,2021-11-04 03:45:26,42.1584,-72.3287,38.82,89,20,3.44
193,Savinka,RU,2021-11-04 03:45:26,50.0785,47.0994,39.02,36,100,16.8
194,Fairbanks,US,2021-11-04 03:45:27,64.8378,-147.7164,30.16,93,90,0.0
195,Nhulunbuy,AU,2021-11-04 03:45:27,-12.2333,136.7667,83.01,83,40,5.75
196,Wajima,JP,2021-11-04 03:45:27,37.4,136.9,61.48,72,40,1.14
197,Viransehir,TR,2021-11-04 03:45:28,37.2353,39.7631,60.26,54,0,7.9
198,Kysyl-Syr,RU,2021-11-04 03:45:28,63.8986,122.7617,7.38,93,100,7.81
199,Were Ilu,ET,2021-11-04 03:45:28,10.6,39.4333,46.92,53,29,4.92
200,Mao,ES,2021-11-04 03:45:29,39.8885,4.2658,52.36,82,40,4.61
201,San Patricio,US,2021-11-04 03:45:29,28.017,-97.5169,71.82,91,100,14.97
202,Laguna,US,2021-11-04 03:45:29,38.421,-121.4238,65.34,86,1,3.44
203,Pisco,PE,2021-11-04 03:45:30,-13.7,-76.2167,62.65,88,39,1.14
204,Sunrise Manor,US,2021-11-04 03:45:30,36.2111,-115.0731,72.91,32,1,0.0
205,Chiredzi,ZW,2021-11-04 03:45:30,-21.05,31.6667,71.22,81,89,9.62
206,Aripuana,BR,2021-11-04 03:45:31,-9.1667,-60.6333,70.97,98,100,0.85
207,Itarema,BR,2021-11-04 03:45:31,-2.9248,-39.9167,78.93,81,25,10.4
208,Xinzhi,CN,2021-11-04 03:45:32,36.4989,111.7047,63.97,40,17,4.27
209,Mount Pleasant,US,2021-11-04 03:45:17,32.7941,-79.8626,53.58,78,90,3.0
210,Luderitz,NA,2021-11-04 03:45:32,-26.6481,15.1594,56.73,57,61,13.76
211,Salym,RU,2021-11-04 03:45:33,60.0625,71.4789,18.9,85,100,8.84
212,Belyy Yar,RU,2021-11-04 03:45:33,53.6039,91.3903,3.09,66,16,4.47
213,Anadyr,RU,2021-11-04 03:45:33,64.75,177.4833,-12.5,77,20,11.18
214,Cherskiy,RU,2021-11-04 03:45:34,68.75,161.3,-6.74,92,100,7.16
215,Cootamundra,AU,2021-11-04 03:45:34,-34.65,148.0333,60.06,96,100,7.16
216,Saint-Max,FR,2021-11-04 03:45:34,48.7043,6.21,42.82,96,90,6.91
217,San Sebastian,ES,2021-11-04 03:45:35,43.3128,-1.975,52.63,83,20,3.0
218,Clyde River,CA,2021-11-04 03:45:35,70.4692,-68.5914,21.58,84,97,32.48
219,Novaky,SK,2021-11-04 03:45:35,48.7111,18.5339,54.52,94,100,7.7
220,Uddevalla,SE,2021-11-04 03:45:36,58.3478,11.9424,46.08,98,18,1.86
221,Waipawa,NZ,2021-11-04 03:45:36,-41.4122,175.5153,54.03,84,100,11.27
222,Tiksi,RU,2021-11-04 03:45:36,71.6872,128.8694,-11.06,97,91,8.03
223,Shieli,KZ,2021-11-04 03:45:37,44.1667,66.75,26.74,35,0,26.19
224,Nichinan,JP,2021-11-04 03:45:37,31.6,131.3667,71.28,43,13,1.39
225,Piacabucu,BR,2021-11-04 03:46:37,-10.4056,-36.4344,77.74,85,93,13.06
226,Buraydah,SA,2021-11-04 03:46:38,26.326,43.975,64.85,23,0,4.21
227,Yatou,CN,2021-11-04 03:46:38,37.15,122.3833,67.21,37,0,5.01
228,Novikovo,RU,2021-11-04 03:46:39,51.1537,37.8879,49.24,95,100,5.79
229,Bodden Town,KY,2021-11-04 03:46:39,19.2833,-81.25,77.0,88,40,1.14
230,Saint Augustine,US,2021-11-04 03:46:39,29.8947,-81.3145,74.01,86,75,13.8
231,Muscatine,US,2021-11-04 03:46:40,41.4667,-91.1335,39.45,58,82,5.99
232,Lorengau,PG,2021-11-04 03:46:40,-2.0226,147.2712,82.67,82,100,10.27
233,Constitucion,CL,2021-11-04 03:46:40,-35.3333,-72.4167,46.85,81,0,6.98
234,Pasni,PK,2021-11-04 03:46:41,25.2631,63.471,78.17,46,11,5.79
235,Padang,ID,2021-11-04 03:46:41,-0.9492,100.3543,86.05,77,94,3.51
236,Tres Arroyos,AR,2021-11-04 03:46:41,-38.3739,-60.2798,56.16,93,0,7.05
237,Odweyne,SO,2021-11-04 03:46:42,9.4092,45.064,70.21,27,15,3.11
238,Belmonte,BR,2021-11-04 03:46:42,-15.8631,-38.8828,75.7,91,99,2.89
239,Dandong,CN,2021-11-04 03:43:05,40.1292,124.3947,58.98,62,4,5.88
240,Monrovia,LR,2021-11-04 03:45:43,6.3005,-10.7969,76.77,85,7,5.66
241,Ambulu,ID,2021-11-04 03:46:43,-8.345,113.6058,85.86,72,96,5.44
242,Senj,HR,2021-11-04 03:46:43,44.9894,14.9058,61.72,95,100,20.2
243,Yumen,CN,2021-11-04 03:46:43,40.2833,97.2,49.51,19,0,3.58
244,Kodiak,US,2021-11-04 03:46:16,57.79,-152.4072,38.1,80,10,14.63
245,Sonoita,MX,2021-11-04 03:46:44,31.85,-112.8333,74.53,23,0,5.77
246,Santa Cruz,BO,2021-11-04 03:46:44,-17.8,-63.1667,78.26,83,75,6.91
247,Avarua,CK,2021-11-04 03:46:45,-21.2078,-159.775,77.05,73,26,10.36
248,Shizunai,JP,2021-11-04 03:46:45,42.3339,142.3669,54.97,65,29,4.76
249,High Level,CA,2021-11-04 03:46:45,58.5169,-117.136,32.11,86,75,0.0
250,Ngunguru,NZ,2021-11-04 03:46:46,-35.6167,174.5,57.69,77,97,7.99
251,Alugan,PH,2021-11-04 03:46:46,12.2188,125.4808,82.71,85,100,10.71
252,Conakry,GN,2021-11-04 03:46:47,9.538,-13.6773,74.35,80,10,7.56
253,Trairi,BR,2021-11-04 03:45:10,-3.2778,-39.2689,78.44,82,8,8.32
254,Winnemucca,US,2021-11-04 03:46:47,40.973,-117.7357,53.65,62,1,10.36
255,Raudeberg,NO,2021-11-04 03:46:47,61.9875,5.1352,42.19,71,16,5.48
256,Souillac,MU,2021-11-04 03:46:23,-20.5167,57.5167,78.37,73,40,9.22
257,Ilo,PE,2021-11-04 03:46:48,-17.6394,-71.3375,63.37,84,88,4.68
258,Pacific Grove,US,2021-11-04 03:43:59,36.6177,-121.9166,64.98,83,1,1.99
259,Camposampiero,IT,2021-11-04 03:46:48,45.5684,11.9354,58.75,93,93,7.0
260,Lingao,CN,2021-11-04 03:46:49,19.9103,109.6859,82.9,72,57,5.57
261,Vostok,RU,2021-11-04 03:46:49,46.4856,135.8833,43.9,58,99,3.87
262,Matay,EG,2021-11-04 03:46:50,28.419,30.7792,67.62,60,0,10.94
263,Araouane,ML,2021-11-04 03:46:50,18.9048,-3.5265,75.99,20,0,1.95
264,Mancio Lima,BR,2021-11-04 03:46:50,-7.6142,-72.8958,71.4,91,91,1.79
265,Ust-Kuyga,RU,2021-11-04 03:46:51,70.0167,135.6,-9.15,100,98,6.6
266,Puerto El Triunfo,SV,2021-11-04 03:46:51,13.2833,-88.55,83.32,87,96,4.9
267,Pecos,US,2021-11-04 03:46:51,31.4229,-103.4932,50.81,81,90,0.0
268,Livramento,BR,2021-11-04 03:46:52,-3.0254,-60.1803,81.28,83,0,4.61
269,Camacha,PT,2021-11-04 03:46:52,33.0833,-16.3333,64.53,63,40,9.22
270,Salalah,OM,2021-11-04 03:46:52,17.0151,54.0924,73.49,73,20,3.44
271,Tete,MZ,2021-11-04 03:46:53,-16.1564,33.5867,80.78,64,16,8.63
272,Labuan,MY,2021-11-04 03:47:53,5.2767,115.2417,86.36,74,20,5.01
273,Cozumel,MX,2021-11-04 03:47:54,20.5083,-86.9458,78.78,87,99,3.0
274,Gorom-Gorom,BF,2021-11-04 03:47:54,14.4439,-0.2361,81.99,19,6,5.57
275,Samarai,PG,2021-11-04 03:47:55,-10.6167,150.6667,82.69,71,93,11.61
276,Kahului,US,2021-11-04 03:47:55,20.8947,-156.47,80.62,79,40,23.02
277,Serenje,ZM,2021-11-04 03:47:55,-13.2325,30.2352,70.23,44,61,3.22
278,Moncao,PT,2021-11-04 03:47:56,42.0789,-8.4808,52.75,94,20,3.29
279,Nabire,ID,2021-11-04 03:47:56,-3.3667,135.4833,87.76,63,98,6.78
280,Mahebourg,MU,2021-11-04 03:47:56,-20.4081,57.7,78.26,73,40,9.22
281,Baykit,RU,2021-11-04 03:47:57,61.67,96.37,3.51,89,100,4.25
282,Inverell,AU,2021-11-04 03:43:06,-29.7833,151.1167,73.17,36,100,5.01
283,Esperance,AU,2021-11-04 03:47:57,-33.8667,121.9,84.04,45,100,6.85
284,Soltau,DE,2021-11-04 03:47:57,52.9833,9.8333,46.71,96,100,6.13
285,Shetpe,KZ,2021-11-04 03:47:58,44.1667,52.1167,40.98,50,96,19.93
286,Amapa,BR,2021-11-04 03:47:58,1.0,-52.0,70.77,97,10,1.57
287,Chokurdakh,RU,2021-11-04 03:47:59,70.6333,147.9167,-13.47,97,80,7.25
288,Cururupu,BR,2021-11-04 03:47:59,-1.8283,-44.8683,74.79,92,28,2.95
289,Sabak,MY,2021-11-04 03:48:00,3.7675,100.9875,86.05,65,98,2.89
290,Umm Lajj,SA,2021-11-04 03:48:00,25.0213,37.2685,79.68,52,0,7.94
291,Stokmarknes,NO,2021-11-04 03:48:00,68.5646,14.9108,45.5,94,87,7.49
292,Jamame,SO,2021-11-04 03:48:01,0.0722,42.7506,79.68,73,29,8.77
293,Arivonimamo,MG,2021-11-04 03:48:01,-19.0167,47.1833,64.45,51,4,3.98
294,Hervey Bay,AU,2021-11-04 03:48:02,-25.2986,152.8535,83.03,45,3,11.65
295,Sao Joao Da Barra,BR,2021-11-04 03:48:03,-21.6403,-41.0511,70.34,94,35,11.54
296,Jacareacanga,BR,2021-11-04 03:48:03,-6.2222,-57.7528,72.36,98,100,0.25
297,Rayong,TH,2021-11-04 03:48:04,12.8333,101.4333,90.79,65,95,2.57
298,Zhigansk,RU,2021-11-04 03:48:04,66.7697,123.3711,-3.37,96,100,7.38
299,Bubaque,GW,2021-11-04 03:47:03,11.2833,-15.8333,82.17,74,54,5.41
300,Buala,SB,2021-11-04 03:48:04,-8.145,159.5921,85.62,66,99,5.48
301,Bengkulu,ID,2021-11-04 03:48:05,-3.8004,102.2655,82.83,73,100,8.66
302,Anyama,CI,2021-11-04 03:48:05,5.4946,-4.0518,79.61,93,56,2.24
303,Tombouctou,ML,2021-11-04 03:48:05,20.0,-3.0,76.98,19,0,3.2
304,Fare,PF,2021-11-04 03:48:06,-16.7,-151.0167,78.48,76,6,12.73
305,Kangaatsiaq,GL,2021-11-04 03:48:06,68.3065,-53.4641,32.45,77,100,16.6
306,Kyaikkami,MM,2021-11-04 03:48:07,16.08,97.5675,83.05,73,93,1.77
307,Ucluelet,CA,2021-11-04 03:44:01,48.9329,-125.5528,58.08,89,100,1.01
308,Pitimbu,BR,2021-11-04 03:48:07,-7.4706,-34.8086,79.39,79,20,10.6
309,Malindi,KE,2021-11-04 03:48:08,-3.2175,40.1191,79.86,76,32,6.58
310,Qianan,CN,2021-11-04 03:48:08,44.9932,124.0581,55.08,30,0,6.82
311,Sibu,MY,2021-11-04 03:48:08,2.3,111.8167,79.11,88,40,5.01
312,Atar,MR,2021-11-04 03:48:09,20.5169,-13.0499,76.5,21,24,8.93
313,Arman,RU,2021-11-04 03:48:09,59.7,150.1667,28.02,83,100,2.17
314,Visnes,NO,2021-11-04 03:48:09,59.3556,5.2242,47.21,93,75,9.22
315,Praia Da Vitoria,PT,2021-11-04 03:48:10,38.7333,-27.0667,65.75,100,75,21.72
316,Praya,CV,2021-11-04 03:48:10,14.9215,-23.5087,75.74,83,0,10.36
317,Novochernorechenskiy,RU,2021-11-04 03:48:10,56.2669,91.0828,4.35,83,100,10.6
318,Vila Velha,BR,2021-11-04 03:47:13,-20.3297,-40.2925,73.35,83,0,9.22
319,Charters Towers,AU,2021-11-04 03:49:11,-20.1,146.2667,92.46,24,1,12.91
320,Mayo,US,2021-11-04 03:49:11,38.8876,-76.5119,47.12,78,1,1.01
321,Farkhor,TJ,2021-11-04 03:49:12,37.4922,69.4036,56.28,39,100,1.43
322,Teeli,RU,2021-11-04 03:49:12,51.0333,90.2333,2.84,53,5,0.89
323,Maine-Soroa,NE,2021-11-04 03:49:12,13.2114,12.0241,80.24,24,0,10.6
324,Ornskoldsvik,SE,2021-11-04 03:49:13,63.2909,18.7153,41.95,100,90,3.44
325,Bandarbeyla,SO,2021-11-04 03:49:13,9.4942,50.8122,77.32,67,64,8.41
326,Dingle,PH,2021-11-04 03:49:14,10.9995,122.6711,85.44,75,76,10.71
327,Abnub,EG,2021-11-04 03:49:14,27.2696,31.1511,62.82,52,0,6.35
328,Bungu,TZ,2021-11-04 03:49:14,-7.6337,39.0582,74.59,86,62,0.78
329,Big Spring,US,2021-11-04 03:49:15,32.2504,-101.4787,47.68,88,90,1.01
330,Champerico,GT,2021-11-04 03:49:15,14.3,-91.9167,81.36,77,80,3.36
331,Shache,CN,2021-11-04 03:49:15,38.4167,77.2406,52.65,20,17,5.61
332,Iqaluit,CA,2021-11-04 03:49:16,63.7506,-68.5145,13.73,85,75,3.0
333,Egvekinot,RU,2021-11-04 03:49:16,66.3167,-179.1667,0.32,81,100,11.23
334,Vao,NC,2021-11-04 03:49:16,-22.6667,167.4833,69.64,72,22,15.82
335,Surt,LY,2021-11-04 03:49:17,31.2089,16.5887,75.43,34,73,14.2
336,Altay,CN,2021-11-04 03:49:17,47.8667,88.1167,9.59,61,35,0.02
337,Waitati,NZ,2021-11-04 03:49:18,-45.75,170.5667,56.8,58,0,11.83
338,Deputatskiy,RU,2021-11-04 03:49:18,69.3,139.9,-3.68,98,100,2.48
339,Half Moon Bay,US,2021-11-04 03:49:19,37.4636,-122.4286,66.11,68,1,16.11
340,Limanowa,PL,2021-11-04 03:49:19,49.7059,20.422,50.9,86,100,6.82
341,Sisimiut,GL,2021-11-04 03:49:19,66.9395,-53.6735,30.27,97,100,9.08
342,Kedrovyy,RU,2021-11-04 03:49:20,56.1667,91.8167,-1.79,84,100,11.32
343,Calvia,ES,2021-11-04 03:49:20,39.5657,2.5062,57.92,70,27,14.47
344,Shinpokh,PK,2021-11-04 03:49:20,34.3292,71.1782,56.61,33,14,1.99
345,Male,MV,2021-11-04 03:49:21,4.1748,73.5089,82.35,83,75,13.8
346,Teguldet,RU,2021-11-04 03:49:21,57.3064,88.1667,7.43,79,100,9.84
347,Fort Walton Beach,US,2021-11-04 03:49:21,30.4058,-86.6188,63.03,80,40,5.01
348,Mishan,CN,2021-11-04 03:49:22,45.55,131.8833,48.61,65,97,0.36
349,Klaksvik,FO,2021-11-04 03:46:47,62.2266,-6.589,38.32,69,98,9.04
350,Keningau,MY,2021-11-04 03:49:22,5.3378,116.1602,84.65,65,59,0.78
351,Namtsy,RU,2021-11-04 03:49:23,62.7161,129.6658,21.31,93,93,2.35
352,Guerrero Negro,MX,2021-11-04 03:47:27,27.9769,-114.0611,64.98,88,3,11.56
353,Porto Novo,BJ,2021-11-04 03:49:24,6.4965,2.6036,80.42,86,38,4.05
354,Jalu,LY,2021-11-04 03:49:24,29.0331,21.5482,72.32,30,0,8.46
355,Griffith,US,2021-11-04 03:44:39,41.5284,-87.4237,37.89,97,1,0.0
356,Torbay,CA,2021-11-04 03:45:43,47.6666,-52.7314,42.28,94,40,6.91
357,Sioux Lookout,CA,2021-11-04 03:49:25,50.1001,-91.917,32.07,80,40,5.75
358,Koygorodok,RU,2021-11-04 03:49:25,60.445,50.9968,27.05,88,24,8.63
359,Oriximina,BR,2021-11-04 03:49:25,-1.7656,-55.8661,78.37,74,51,2.86
360,Isangel,VU,2021-11-04 03:49:26,-19.55,169.2667,80.71,65,75,9.22
361,Bilibino,RU,2021-11-04 03:49:26,68.0546,166.4372,-20.81,100,79,2.59
362,Soyo,AO,2021-11-04 03:49:26,-6.1349,12.3689,76.44,83,99,4.79
363,Buta,CD,2021-11-04 03:49:27,2.7858,24.73,68.74,99,100,1.81
364,Tabou,CI,2021-11-04 03:50:27,4.423,-7.3528,77.49,86,83,6.38
365,Rondonopolis,BR,2021-11-04 03:50:27,-16.4708,-54.6356,73.69,86,100,3.06
366,Klyuchi,RU,2021-11-04 03:50:28,52.2667,79.1667,12.34,63,19,5.75
367,Santa Rosalia,MX,2021-11-04 03:50:28,27.3167,-112.2833,70.72,48,48,3.4
368,Homer,US,2021-11-04 03:50:29,59.6425,-151.5483,40.89,77,20,3.44
369,Flinders,AU,2021-11-04 03:50:29,-34.5833,150.8552,68.2,95,100,4.97
370,Moose Factory,CA,2021-11-04 03:50:30,51.2585,-80.6094,26.6,86,90,9.22
371,Eregli,TR,2021-11-04 03:50:30,37.5133,34.0467,48.94,78,28,2.62
372,Axim,GH,2021-11-04 03:48:41,4.8699,-2.2405,76.53,89,50,4.23
373,Tanah Merah,MY,2021-11-04 03:50:30,5.8,102.15,80.42,77,100,2.66
374,Kjollefjord,NO,2021-11-04 03:50:31,70.9457,27.3465,35.91,90,100,13.2
375,Iskateley,RU,2021-11-04 03:50:31,67.6803,53.1512,34.95,95,100,20.65
376,Bambous Virieux,MU,2021-11-04 03:50:31,-20.3428,57.7575,78.22,73,40,9.22
377,Alofi,NU,2021-11-04 03:50:32,-19.0595,-169.9187,80.49,78,75,12.66
378,Mamallapuram,IN,2021-11-04 03:50:32,12.6264,80.1722,78.85,87,100,9.31
379,Santa Margherita Ligure,IT,2021-11-04 03:50:33,44.3346,9.212,60.76,95,56,9.08
380,Talnakh,RU,2021-11-04 03:50:34,69.4865,88.3972,5.81,95,100,15.61
381,Black River,JM,2021-11-04 03:50:35,18.0264,-77.8487,80.6,84,25,3.85
382,Mahajanga,MG,2021-11-04 03:50:35,-15.7167,46.3167,77.02,94,40,2.3
383,Tucuman,AR,2021-11-04 03:50:35,-26.8241,-65.2226,69.8,83,1,5.75
384,Lacaron,PH,2021-11-04 03:50:36,6.4489,125.5792,84.6,76,88,4.94
385,Kruisfontein,ZA,2021-11-04 03:50:36,-34.0033,24.7314,56.55,61,0,3.58
386,Gawler,AU,2021-11-04 03:50:37,-34.6,138.7333,78.82,36,0,9.42
387,Ayr,GB,2021-11-04 03:50:37,55.4627,-4.6339,41.09,100,0,5.75
388,Wukari,NG,2021-11-04 03:50:37,7.85,9.7833,76.66,76,96,4.09
389,Flic En Flac,MU,2021-11-04 03:50:38,-20.2742,57.3631,78.53,69,6,7.09
390,Malpe,IN,2021-11-04 03:50:38,13.35,74.7167,81.7,82,100,7.65
391,Pyay,MM,2021-11-04 03:50:38,18.8167,95.2167,84.7,72,36,2.82
392,Boende,CD,2021-11-04 03:50:39,-0.2167,20.8667,69.31,99,98,1.48
393,Nara,JP,2021-11-04 03:50:39,34.6851,135.8049,69.96,42,77,4.99
394,Khandbari,NP,2021-11-04 03:50:40,27.3747,87.2039,67.41,59,1,3.36
395,Eqbaliyeh,IR,2021-11-04 03:50:40,35.3022,51.5358,58.82,57,6,13.24
396,Cartagena,CO,2021-11-04 03:50:41,10.3997,-75.5144,82.02,78,40,4.61
397,Oppdal,NO,2021-11-04 03:50:41,62.5943,9.6912,37.0,91,100,3.74
398,Dhrangadhra,IN,2021-11-04 03:50:41,22.9833,71.4667,79.84,30,8,8.5
399,Beringovskiy,RU,2021-11-04 03:48:45,63.05,179.3167,-0.02,86,4,8.86
400,Nong Han,TH,2021-11-04 03:50:42,17.3608,103.1053,88.14,62,91,2.13
401,Foumban,CM,2021-11-04 03:50:42,5.7291,10.9001,61.47,91,88,2.42
402,Sabang,ID,2021-11-04 03:50:43,5.8933,95.3214,82.56,69,97,6.71
403,Katobu,ID,2021-11-04 03:50:43,-4.9408,122.5276,89.46,58,92,3.2
404,Kisanga,TZ,2021-11-04 03:50:43,-7.4362,37.7034,75.31,85,7,2.73
405,Camana,PE,2021-11-04 03:50:44,-16.6228,-72.7111,64.65,84,57,6.58
406,Lima Duarte,BR,2021-11-04 03:50:44,-21.8425,-43.7931,59.83,98,75,2.35
407,Ambunti,PG,2021-11-04 03:50:44,-4.2365,142.8448,77.65,86,100,2.39
408,Panguipulli,CL,2021-11-04 03:50:45,-39.6333,-72.3333,46.11,100,73,1.86
409,Shirokiy,RU,2021-11-04 03:48:10,49.758,129.523,43.52,65,63,7.72
410,Yeppoon,AU,2021-11-04 03:50:45,-23.1333,150.7333,82.18,52,51,12.71
411,Ngara,TZ,2021-11-04 03:51:46,-2.5122,30.6558,57.34,96,99,1.63
412,Pakxe,LA,2021-11-04 03:51:46,15.1167,105.7833,86.14,70,40,2.3
413,Naze,JP,2021-11-04 03:49:49,28.3667,129.4833,70.72,53,66,14.14
414,Morro Bay,US,2021-11-04 03:51:47,35.3658,-120.8499,67.19,88,5,7.52
415,Ponta Pora,BR,2021-11-04 03:51:47,-22.5361,-55.7256,69.73,67,0,6.17
416,Iracoubo,GF,2021-11-04 03:51:47,5.4802,-53.2011,79.77,78,98,9.69
417,Dundee,GB,2021-11-04 03:47:39,56.5,-2.9667,39.61,83,0,5.75
418,Chapleau,CA,2021-11-04 03:51:48,47.8405,-83.4034,24.22,70,11,3.36
419,Goya,AR,2021-11-04 03:51:48,-29.14,-59.2626,69.87,68,0,5.73
420,Roebourne,AU,2021-11-04 03:51:49,-20.7833,117.1333,90.86,23,8,10.11
421,Kaitangata,NZ,2021-11-04 03:51:49,-46.2817,169.8464,59.61,52,5,8.21
422,Zhangjiakou,CN,2021-11-04 03:51:49,40.81,114.8794,52.45,30,0,2.06
423,Pizarro,CO,2021-11-04 03:51:50,4.9533,-77.366,75.43,89,40,1.01
424,Lagoa,PT,2021-11-04 03:51:50,39.05,-27.9833,67.39,88,100,22.66
425,Port Hawkesbury,CA,2021-11-04 03:51:51,45.6169,-61.3485,45.99,96,90,5.01
426,Uray,RU,2021-11-04 03:51:51,60.1247,64.7758,21.04,93,85,9.66
427,Marshall,US,2021-11-04 03:51:51,34.3834,-86.3333,47.12,93,90,0.0
428,Kamenka,RU,2021-11-04 03:51:52,51.3223,42.7678,43.07,80,100,16.69
429,Clonmel,IE,2021-11-04 03:51:52,52.355,-7.7039,42.48,83,19,8.32
430,Aykhal,RU,2021-11-04 03:51:52,66.0,111.5,-10.86,96,40,7.02
431,Honiara,SB,2021-11-04 03:51:53,-9.4333,159.95,83.16,74,62,2.93
432,Codrington,AU,2021-11-04 03:51:53,-38.2667,141.9667,59.86,68,0,12.26
433,Flin Flon,CA,2021-11-04 03:51:53,54.7682,-101.865,30.15,61,16,5.1
434,Manggar,ID,2021-11-04 03:51:54,-2.8833,108.2667,86.88,64,94,6.69
435,Lakatoro,VU,2021-11-04 03:51:54,-16.0999,167.4164,80.85,76,94,13.8
436,Beloha,MG,2021-11-04 03:51:54,-25.1667,45.05,75.45,70,7,4.34
437,Balakhninskiy,RU,2021-11-04 03:51:55,58.0106,114.2769,14.88,89,100,8.39
438,Sambava,MG,2021-11-04 03:51:55,-14.2667,50.1667,76.62,77,60,5.08
439,Cayenne,GF,2021-11-04 03:51:55,4.9333,-52.3333,81.09,82,20,5.01
440,Oktyabrskiy,RU,2021-11-04 03:51:56,54.4815,53.471,25.41,33,0,11.05
441,Acapulco,MX,2021-11-04 03:49:48,16.8634,-99.8901,78.64,86,69,4.14
442,Khrystynivka,UA,2021-11-04 03:51:56,48.8249,29.9681,45.75,90,100,9.37
443,Constantine,DZ,2021-11-04 03:51:56,36.365,6.6147,54.81,71,75,6.91
444,Belyye Berega,RU,2021-11-04 03:51:57,53.2085,34.6641,37.58,94,5,4.45
445,Sananduva,BR,2021-11-04 03:51:57,-27.9497,-51.8067,60.08,96,5,1.99
446,Slonim,BY,2021-11-04 03:51:57,53.0867,25.3219,41.31,87,92,9.08
447,Takoradi,GH,2021-11-04 03:51:58,4.8845,-1.7554,77.81,86,65,4.34
448,Shimoda,JP,2021-11-04 03:51:58,34.6667,138.95,68.36,66,75,8.72
449,Khandyga,RU,2021-11-04 03:51:59,62.6667,135.6,21.81,93,99,5.75
450,Hun,LY,2021-11-04 03:51:59,29.1268,15.9477,72.64,23,50,7.76
451,Nome,US,2021-11-04 03:51:59,64.5011,-165.4064,12.27,92,1,3.44
452,Ozernovskiy,RU,2021-11-04 03:52:00,51.5,156.5167,38.46,76,7,8.41
453,Wajir,KE,2021-11-04 03:52:00,1.7471,40.0573,76.71,72,47,12.62
454,Shumskiy,RU,2021-11-04 03:52:01,54.8318,99.1328,9.37,52,100,12.19
455,Severo-Yeniseyskiy,RU,2021-11-04 03:52:01,60.3725,93.0408,2.73,89,100,9.55
456,Port Elizabeth,ZA,2021-11-04 03:51:25,-33.918,25.5701,55.69,67,0,8.05
457,Kargil,IN,2021-11-04 03:53:02,34.5667,76.1,23.32,58,9,2.51
458,Colac,AU,2021-11-04 03:53:03,-38.3333,143.5833,63.01,40,0,4.45
459,Kaeo,NZ,2021-11-04 03:53:03,-35.1,173.7833,58.89,77,100,4.27
460,Chervonohryhorivka,UA,2021-11-04 03:53:04,47.623,34.5389,52.81,88,91,4.72
461,Dabola,GN,2021-11-04 03:53:04,10.75,-11.1167,70.45,89,7,2.48
462,Lata,PT,2021-11-04 03:53:04,40.1629,-8.3327,47.8,94,54,0.89
463,Nagar Karnul,IN,2021-11-04 03:53:05,16.4821,78.3247,74.25,83,93,11.07
464,Kualakapuas,ID,2021-11-04 03:53:05,-3.0091,114.3876,87.51,62,95,3.83
465,Mitchell,US,2021-11-04 03:53:05,43.7094,-98.0298,34.11,82,4,6.85
466,Goderich,CA,2021-11-04 03:51:32,43.7501,-81.7165,36.91,93,100,5.75
467,Guangyuan,CN,2021-11-04 03:49:22,32.442,105.823,57.24,92,100,1.28
468,Pryazha,RU,2021-11-04 03:53:06,61.6926,33.6216,43.83,93,100,7.87
469,Catuday,PH,2021-11-04 03:53:06,16.2923,119.8062,83.82,60,5,7.38
470,Mount Gambier,AU,2021-11-04 03:53:07,-37.8333,140.7667,66.11,68,40,12.66
471,Hovd,MN,2021-11-04 03:53:08,48.0056,91.6419,12.34,33,18,6.87
472,Tlancualpican,MX,2021-11-04 03:53:08,18.4333,-98.7,64.89,65,95,1.66
473,Tagusao,PH,2021-11-04 03:53:08,9.1924,117.8141,84.04,74,82,3.53
474,Stanislav,UA,2021-11-04 03:53:09,46.5691,32.1478,51.62,90,66,9.48
475,Eston,CA,2021-11-04 03:53:09,51.1501,-108.7514,36.91,63,88,8.75
476,Ixtapa,MX,2021-11-04 03:53:09,20.7,-105.2,73.63,95,39,2.75
477,Tabuk,PH,2021-11-04 03:53:10,17.4189,121.4443,84.56,59,17,3.98
478,Hermiston,US,2021-11-04 03:53:10,45.8404,-119.2895,50.95,86,90,4.61
479,Bilma,NE,2021-11-04 03:53:10,18.6853,12.9164,76.01,19,12,8.1
480,Ahipara,NZ,2021-11-04 03:53:11,-35.1667,173.1667,59.27,72,99,5.73
481,Port Keats,AU,2021-11-04 03:53:11,-14.25,129.55,88.32,59,32,9.06
482,Huarmey,PE,2021-11-04 03:53:12,-10.0681,-78.1522,63.97,85,91,9.15
483,Lompoc,US,2021-11-04 03:53:12,34.6391,-120.4579,63.93,86,90,4.61
484,Atherton,GB,2021-11-04 03:53:12,53.5237,-2.4935,44.22,85,24,1.99
485,Tuscaloosa,US,2021-11-04 03:49:14,33.2098,-87.5692,51.98,93,90,6.91
486,Yuci,CN,2021-11-04 03:53:13,37.6803,112.7319,56.95,44,0,2.24
487,Mancora,PE,2021-11-04 03:53:13,-4.1078,-81.0475,68.16,74,53,8.34
488,Ciro Marina,IT,2021-11-04 03:53:13,39.3732,17.126,60.85,89,40,25.41
489,Mokhotlong,LS,2021-11-04 03:53:14,-29.2894,29.0675,52.81,33,0,1.54
490,Maunabo,PR,2021-11-04 03:53:14,18.0072,-65.8993,80.71,94,95,10.42
491,Kailua,US,2021-11-04 03:53:14,21.4022,-157.7394,82.02,70,20,6.91
492,Yaan,NG,2021-11-04 03:53:15,7.3833,8.5667,75.16,84,97,5.39
493,Derventa,BA,2021-11-04 03:53:15,44.9772,17.9103,57.69,85,98,1.52
494,Bara,NG,2021-11-04 03:53:16,10.3744,10.7288,77.0,64,70,2.64
495,Kirkuk,IQ,2021-11-04 03:53:16,35.4681,44.3922,70.68,52,92,3.76
496,Saint-Georges,GD,2021-11-04 03:53:16,12.0564,-61.7485,78.48,83,20,4.61
497,Sur,OM,2021-11-04 03:48:33,22.5667,59.5289,78.6,51,1,1.36
498,Atambua,ID,2021-11-04 03:53:17,-9.1061,124.8925,88.72,51,84,3.65
499,Bud,US,2021-11-04 03:53:17,39.447,-86.1758,36.1,80,32,3.6
500,Simi,SL,2021-11-04 03:53:17,9.5667,-12.35,72.57,95,23,0.47
501,Burnie,AU,2021-11-04 03:53:18,-41.0667,145.9167,61.48,78,12,9.64
502,Muros,ES,2021-11-04 03:49:16,42.7762,-9.0603,49.23,96,69,10.45
503,Port Lincoln,AU,2021-11-04 03:54:18,-34.7333,135.8667,63.41,55,42,9.42
504,Saint-Pierre,RE,2021-11-04 03:54:19,-21.3393,55.4781,79.57,72,0,4.61
505,Marzuq,YE,2021-11-04 03:54:19,14.4,46.4667,69.85,26,31,2.39
506,Udachnyy,RU,2021-11-04 03:54:19,66.4167,112.4,-11.78,96,65,6.24
507,Morondava,MG,2021-11-04 03:54:20,-20.2833,44.2833,77.11,71,0,3.09
508,Pedernales,DO,2021-11-04 03:54:20,18.0384,-71.744,79.29,70,16,3.71
509,Grindavik,IS,2021-11-04 03:54:20,63.8424,-22.4338,41.47,87,75,18.41
510,Carutapera,BR,2021-11-04 03:54:21,-1.195,-46.02,78.44,82,9,6.22
511,Mitsamiouli,KM,2021-11-04 03:54:21,-11.3847,43.2844,73.69,83,20,2.3
512,Manadhoo,MV,2021-11-04 03:54:22,5.7667,73.3833,82.35,78,100,13.73
513,Beba,CU,2021-11-04 03:54:22,22.4437,-79.7253,71.8,88,52,4.76
514,Paragominas,BR,2021-11-04 03:54:22,-2.9667,-47.4833,75.38,80,87,3.71
515,Oro Valley,US,2021-11-04 03:54:23,32.3909,-110.9665,72.23,32,0,3.0
516,Ahuimanu,US,2021-11-04 03:54:23,21.4447,-157.8378,81.75,72,20,6.91
517,Lavrentiya,RU,2021-11-04 03:54:23,65.5833,-171.0,23.56,78,100,13.56
518,Soe,ID,2021-11-04 03:54:24,-9.8607,124.284,88.12,40,91,12.91
519,Merauke,ID,2021-11-04 03:54:24,-8.4667,140.3333,84.47,74,79,13.94
520,Finschhafen,PG,2021-11-04 03:54:24,-6.6024,147.8681,85.08,69,49,8.37
521,Kirensk,RU,2021-11-04 03:54:25,57.7853,108.1119,10.87,55,100,9.55
522,Elmira,US,2021-11-04 03:54:25,42.0898,-76.8077,35.53,86,40,2.62
523,Pau Dos Ferros,BR,2021-11-04 03:54:25,-6.1125,-38.2063,76.62,75,26,7.05
524,Bonavista,CA,2021-11-04 03:54:26,48.6499,-53.1147,44.11,75,44,6.44
525,Baghmara,IN,2021-11-04 03:54:26,23.795,86.2085,77.13,43,89,3.69
526,Vavuniya,LK,2021-11-04 03:54:26,8.7514,80.4971,81.45,77,100,4.72
527,Wellington,NZ,2021-11-04 03:49:29,-41.2866,174.7756,58.77,77,75,1.01
528,Thinadhoo,MV,2021-11-04 03:54:27,0.5333,72.9333,83.5,73,43,14.58
529,Port Hardy,CA,2021-11-04 03:54:27,50.6996,-127.4199,50.18,93,90,12.66
530,Cabanas,CU,2021-11-04 03:54:28,22.9758,-82.9219,73.87,81,43,2.37
531,Komsomolskiy,UZ,2021-11-04 03:54:28,40.4272,71.7189,52.52,50,75,2.3
532,Cantapoy,PH,2021-11-04 03:54:28,9.4906,125.4364,82.53,78,100,3.31
533,Malakal,SS,2021-11-04 03:54:29,9.5334,31.6605,71.69,84,17,4.54
534,Haines Junction,CA,2021-11-04 03:54:29,60.7522,-137.5108,31.95,80,63,2.3
535,Prince Rupert,CA,2021-11-04 03:54:17,54.3161,-130.3201,46.09,93,87,3.44
536,Payo,ID,2021-11-04 03:54:29,-3.7508,103.6372,89.74,59,99,2.21
537,Sobolevo,RU,2021-11-04 03:54:30,54.4299,31.8996,40.48,95,53,10.09
538,Archidona,ES,2021-11-04 03:54:30,37.0965,-4.3887,49.37,73,4,2.86
539,Wattegama,LK,2021-11-04 03:54:30,6.7989,81.4808,77.92,64,87,4.29
540,Marfino,RU,2021-11-04 03:54:31,55.7028,37.3822,46.98,94,75,4.47
541,Nelson Bay,AU,2021-11-04 03:54:31,-32.7167,152.15,71.11,74,99,1.99
542,Wum,CM,2021-11-04 03:54:32,6.3833,10.0667,63.54,88,84,4.0
543,Cherlak,RU,2021-11-04 03:54:32,54.155,74.8055,13.48,78,82,8.95
544,Port Macquarie,AU,2021-11-04 03:54:32,-31.4333,152.9167,78.76,60,98,11.56
545,Ossora,RU,2021-11-04 03:54:33,59.2353,163.0719,30.04,80,99,11.7
546,Dzerzhinsk,RU,2021-11-04 03:54:33,56.2389,43.4631,39.02,86,90,8.95
547,Pueblo Nuevo,MX,2021-11-04 03:54:33,23.3833,-105.3833,50.63,88,0,5.77
548,Shelburne,CA,2021-11-04 03:54:34,44.0787,-80.2041,31.86,87,36,3.94
549,Makakilo City,US,2021-11-04 03:54:34,21.3469,-158.0858,80.56,72,75,3.44
550,Pochutla,MX,2021-11-04 03:55:34,15.7432,-96.4661,76.82,88,89,3.69
551,Copala,MX,2021-11-04 03:55:35,16.65,-98.9833,77.04,88,49,3.22
552,Mogok,MM,2021-11-04 03:55:35,22.9167,96.5,65.59,95,98,0.58
553,Ankazoabo,MG,2021-11-04 03:55:35,-22.2833,44.5167,77.77,54,0,3.27
554,Guia De Isora,ES,2021-11-04 03:55:36,28.2115,-16.7795,63.32,62,99,4.18
555,Rawson,AR,2021-11-04 03:53:51,-43.3002,-65.1023,58.98,26,58,17.29
556,Bamako,ML,2021-11-04 03:51:13,12.65,-8.0,73.81,83,0,0.0
557,Solton,RU,2021-11-04 03:55:36,52.8429,86.4787,8.89,84,35,4.41
558,Batagay,RU,2021-11-04 03:55:37,67.6333,134.6333,-5.73,97,70,2.42
559,Kalabo,ZM,2021-11-04 03:55:37,-14.97,22.6814,72.12,61,61,2.46
560,Lianran,CN,2021-11-04 03:55:37,24.9227,102.485,63.14,60,42,10.96
561,Bol,TD,2021-11-04 03:55:38,13.4586,14.7147,82.38,38,33,17.38
562,Benguela,AO,2021-11-04 03:55:38,-12.5763,13.4055,74.07,77,98,4.18
